SET FOREIGN_KEY_CHECKS = 0;

INSERT INTO edomp.arithmetic_seq_templ (id, variable, first_n, difference) VALUES (238, 'n', 2, null);
INSERT INTO edomp.category (id, label, created) VALUES (1, '1. Rovnice', '2019-06-16 10:12:16');
INSERT INTO edomp.category (id, label, created) VALUES (2, '2. Posloupnosti', '2019-06-16 10:12:25');
INSERT INTO edomp.difficulty (id, label, created) VALUES (1, 'Lehká', '2019-02-17 10:29:19');
INSERT INTO edomp.difficulty (id, label, created) VALUES (2, 'Střední', '2019-02-17 10:29:19');
INSERT INTO edomp.difficulty (id, label, created) VALUES (3, 'Těžká', '2019-02-17 10:29:19');
INSERT INTO edomp.geometric_seq_templ (id, variable, first_n, quotient) VALUES (239, 'n', 2, null);
INSERT INTO edomp.`group` (id, super_group_id, label, created, created_by_id) VALUES (1, 1, 'Administrators', '2019-05-02 10:56:53', null);
INSERT INTO edomp.`group` (id, super_group_id, label, created, created_by_id) VALUES (28, 16, '1.A', '2019-06-20 13:30:39', 68);
INSERT INTO edomp.`group` (id, super_group_id, label, created, created_by_id) VALUES (29, 16, '2.B', '2019-06-20 13:30:49', 68);
INSERT INTO edomp.`group` (id, super_group_id, label, created, created_by_id) VALUES (30, 16, '2.A', '2019-06-20 13:30:53', 68);
INSERT INTO edomp.`group` (id, super_group_id, label, created, created_by_id) VALUES (31, 17, 'Odpolední skupina', '2019-06-20 13:31:09', 68);
INSERT INTO edomp.`group` (id, super_group_id, label, created, created_by_id) VALUES (32, 16, 'Učitelé', '2019-06-20 13:32:19', 68);
INSERT INTO edomp.group_category_rel (group_id, category_id) VALUES (28, 2);
INSERT INTO edomp.group_category_rel (group_id, category_id) VALUES (29, 2);
INSERT INTO edomp.group_category_rel (group_id, category_id) VALUES (30, 2);
INSERT INTO edomp.group_category_rel (group_id, category_id) VALUES (31, 2);
INSERT INTO edomp.group_category_rel (group_id, category_id) VALUES (32, 2);
INSERT INTO edomp.linear_eq_templ (id, variable) VALUES (237, 'x');
INSERT INTO edomp.linear_eq_templ (id, variable) VALUES (249, 'x');
INSERT INTO edomp.linear_eq_templ (id, variable) VALUES (251, 'x');
INSERT INTO edomp.problem (id, problem_type_id, difficulty_id, sub_category_id, body, text_before, text_after, success_rate, created, discr, is_template) VALUES (166, 1, 1, 1, '$$ x + x = 10 $$', '', '', 0.02, '2019-06-16 12:15:57', 'problemfinal', 0);
INSERT INTO edomp.problem (id, problem_type_id, difficulty_id, sub_category_id, body, text_before, text_after, success_rate, created, discr, is_template) VALUES (167, 1, 2, 1, '$$ \\frac{5x + 2x + 15}{8} + 2 = \\frac{x - 5}{5} $$', '', '', null, '2019-06-16 16:45:13', 'problemfinal', 0);
INSERT INTO edomp.problem (id, problem_type_id, difficulty_id, sub_category_id, body, text_before, text_after, success_rate, created, discr, is_template) VALUES (168, 1, 2, 1, '$$ 5x + 2x + 15 - \\big(5 + 2\\big) = x - 5 $$', '', '', null, '2019-06-16 16:46:17', 'problemfinal', 0);
INSERT INTO edomp.problem (id, problem_type_id, difficulty_id, sub_category_id, body, text_before, text_after, success_rate, created, discr, is_template) VALUES (169, 2, 1, 2, '$$ x^2 + 2x + 9 = x - 5 $$', '', '', null, '2019-06-16 16:46:54', 'problemfinal', 0);
INSERT INTO edomp.problem (id, problem_type_id, difficulty_id, sub_category_id, body, text_before, text_after, success_rate, created, discr, is_template) VALUES (170, 1, 1, 1, '$$ 4x + 5 x = 27 $$', '', '', null, '2019-06-16 17:07:40', 'problemfinal', 0);
INSERT INTO edomp.problem (id, problem_type_id, difficulty_id, sub_category_id, body, text_before, text_after, success_rate, created, discr, is_template) VALUES (171, 3, 3, 3, '$$ a_n = \\frac{50n^2}{5n} + 25 $$', '', '', null, '2019-06-16 17:08:14', 'problemfinal', 0);
INSERT INTO edomp.problem (id, problem_type_id, difficulty_id, sub_category_id, body, text_before, text_after, success_rate, created, discr, is_template) VALUES (172, 3, 1, 3, '$$ a_n = n + 25 $$', '', '', 0.5, '2019-06-16 17:08:58', 'problemfinal', 0);
INSERT INTO edomp.problem (id, problem_type_id, difficulty_id, sub_category_id, body, text_before, text_after, success_rate, created, discr, is_template) VALUES (176, 1, 3, 1, '$$ \\frac{5x + 2x + 15}{8} + 2 = \\frac{x - 5}{5} + 15 x + \\frac{4 + 5 + x}{2} $$', '', '', null, '2019-06-16 17:12:39', 'problemfinal', 0);
INSERT INTO edomp.problem (id, problem_type_id, difficulty_id, sub_category_id, body, text_before, text_after, success_rate, created, discr, is_template) VALUES (177, 2, 1, 2, '$$ x^2 + x  = 0 $$', '', '', null, '2019-06-16 17:15:03', 'problemfinal', 0);
INSERT INTO edomp.problem (id, problem_type_id, difficulty_id, sub_category_id, body, text_before, text_after, success_rate, created, discr, is_template) VALUES (178, 2, 1, 2, '$$ x^2 + x + 3 = 0 $$', '', '', null, '2019-06-16 17:15:29', 'problemfinal', 0);
INSERT INTO edomp.problem (id, problem_type_id, difficulty_id, sub_category_id, body, text_before, text_after, success_rate, created, discr, is_template) VALUES (179, 2, 2, 2, '$$ 2x^2 + x + 3 = 4 + x^2 + 5x $$', '', '', 0.5, '2019-06-16 17:15:50', 'problemfinal', 0);
INSERT INTO edomp.problem (id, problem_type_id, difficulty_id, sub_category_id, body, text_before, text_after, success_rate, created, discr, is_template) VALUES (180, 1, 1, 1, '$$ 5x + x = 12 $$', '', '', null, '2019-06-16 17:16:38', 'problemfinal', 0);
INSERT INTO edomp.problem (id, problem_type_id, difficulty_id, sub_category_id, body, text_before, text_after, success_rate, created, discr, is_template) VALUES (181, 1, 2, 1, '$$ 14x + \\big(2 - 5 + 4x\\big) + \\frac{12x}{5} = 0 $$', 'posral ses ne', '', null, '2019-06-16 18:03:33', 'problemfinal', 0);
INSERT INTO edomp.problem (id, problem_type_id, difficulty_id, sub_category_id, body, text_before, text_after, success_rate, created, discr, is_template) VALUES (220, 2, 1, 2, '$$ 5 x^2 + 2 + \\big(<par min="0" max="8"/> - 3 + 3 x\\big) = 0 $$', 'Spocitej to vole!', '', 1, '2019-06-18 20:24:51', 'quadraticeq', 1);
INSERT INTO edomp.problem (id, problem_type_id, difficulty_id, sub_category_id, body, text_before, text_after, success_rate, created, discr, is_template) VALUES (237, 1, 1, 1, '$$ x + <par min="0" max="10"/> = 0 $$', '', '', null, '2019-06-20 12:44:52', 'lineareq', 1);
INSERT INTO edomp.problem (id, problem_type_id, difficulty_id, sub_category_id, body, text_before, text_after, success_rate, created, discr, is_template) VALUES (238, 3, 1, 1, '$$ a_n = 5n + <par min="0" max="50"/> $$', '', '', null, '2019-06-20 12:46:20', 'arithmeticseq', 1);
INSERT INTO edomp.problem (id, problem_type_id, difficulty_id, sub_category_id, body, text_before, text_after, success_rate, created, discr, is_template) VALUES (239, 4, 1, 10, '$$ q_n = \\frac{5^2}{2^3} + <par min="0" max="5"/> $$', '', '', null, '2019-06-20 12:47:17', 'geometicSeq', 1);
INSERT INTO edomp.problem (id, problem_type_id, difficulty_id, sub_category_id, body, text_before, text_after, success_rate, created, discr, is_template) VALUES (246, 2, 3, 2, '$$ \\frac{1}{2} \\big( 2 x - 1 \\big)^2 - \\big( \\frac{1}{2} \\big( x + 1 \\big) \\big)^2 = 3 \\big( \\big( \\frac{1}{2} x \\big)^2 - \\big( \\frac{1}{2} \\big)^2 \\big) $$', '', '', null, '2019-06-20 19:47:49', 'problemfinal', 0);
INSERT INTO edomp.problem (id, problem_type_id, difficulty_id, sub_category_id, body, text_before, text_after, success_rate, created, discr, is_template) VALUES (248, 2, 3, 2, '$$ \\frac{1}{2} \\big( 2 x - 1 \\big)^2 - \\big( \\frac{1}{2} \\big( x + 1 \\big) \\big)^2 = 3 \\big( \\big( \\frac{1}{2} x \\big)^2 - \\big( \\frac{1}{<par min="2" max="10"/>} \\big)^2 \\big) $$', '', '', null, '2019-06-20 20:16:15', 'quadraticeq', 1);
INSERT INTO edomp.problem (id, problem_type_id, difficulty_id, sub_category_id, body, text_before, text_after, success_rate, created, discr, is_template) VALUES (249, 1, 1, 1, '$$ 2 x + <par min="0" max="15"/> = 5 $$', '', '', null, '2019-06-20 20:16:56', 'lineareq', 1);
INSERT INTO edomp.problem (id, problem_type_id, difficulty_id, sub_category_id, body, text_before, text_after, success_rate, created, discr, is_template) VALUES (251, 1, 2, 1, '$$ 3 \\big[ 2 \\big( 3 x - 6 \\big) - 2 \\big( 4 x - 5 \\big) + 1 \\big] - 3 = 6 \\big[ 3 - 8 \\big( x - <par min="3" max="10"/> \\big) \\big] $$', 'úvod', '', null, '2019-06-20 20:59:16', 'lineareq', 1);
INSERT INTO edomp.problem (id, problem_type_id, difficulty_id, sub_category_id, body, text_before, text_after, success_rate, created, discr, is_template) VALUES (253, 1, 1, 1, '$$ 5x + 15x = 20 $$', 'Úvod', '', null, '2019-06-21 15:48:12', 'problemfinal', 0);
INSERT INTO edomp.problem_condition (id, problem_condition_type_id, accessor, label, created) VALUES (1, 1, 0, 'Bez omezení', '2019-04-27 11:49:59');
INSERT INTO edomp.problem_condition (id, problem_condition_type_id, accessor, label, created) VALUES (2, 1, 1, 'Kladný', '2019-04-27 11:49:59');
INSERT INTO edomp.problem_condition (id, problem_condition_type_id, accessor, label, created) VALUES (3, 1, 2, 'Nulový', '2019-04-27 11:49:59');
INSERT INTO edomp.problem_condition (id, problem_condition_type_id, accessor, label, created) VALUES (4, 1, 3, 'Záporný', '2019-04-27 11:49:59');
INSERT INTO edomp.problem_condition (id, problem_condition_type_id, accessor, label, created) VALUES (5, 2, 0, 'Bez omezení', '2019-04-27 11:49:59');
INSERT INTO edomp.problem_condition (id, problem_condition_type_id, accessor, label, created) VALUES (6, 2, 1, 'Kladný', '2019-04-27 11:49:59');
INSERT INTO edomp.problem_condition (id, problem_condition_type_id, accessor, label, created) VALUES (7, 2, 2, 'Nulový', '2019-04-27 11:49:59');
INSERT INTO edomp.problem_condition (id, problem_condition_type_id, accessor, label, created) VALUES (8, 2, 3, 'Záporný', '2019-04-27 11:49:59');
INSERT INTO edomp.problem_condition (id, problem_condition_type_id, accessor, label, created) VALUES (9, 2, 4, 'Celočíselný', '2019-04-27 11:49:59');
INSERT INTO edomp.problem_condition (id, problem_condition_type_id, accessor, label, created) VALUES (10, 2, 5, 'Kladný a odmocnitelný', '2019-04-27 11:49:59');
INSERT INTO edomp.problem_condition_problem_template_rel (problem_id, problem_condition_id) VALUES (166, 1);
INSERT INTO edomp.problem_condition_problem_template_rel (problem_id, problem_condition_id) VALUES (167, 1);
INSERT INTO edomp.problem_condition_problem_template_rel (problem_id, problem_condition_id) VALUES (168, 1);
INSERT INTO edomp.problem_condition_problem_template_rel (problem_id, problem_condition_id) VALUES (169, 5);
INSERT INTO edomp.problem_condition_problem_template_rel (problem_id, problem_condition_id) VALUES (170, 1);
INSERT INTO edomp.problem_condition_problem_template_rel (problem_id, problem_condition_id) VALUES (176, 1);
INSERT INTO edomp.problem_condition_problem_template_rel (problem_id, problem_condition_id) VALUES (177, 6);
INSERT INTO edomp.problem_condition_problem_template_rel (problem_id, problem_condition_id) VALUES (178, 5);
INSERT INTO edomp.problem_condition_problem_template_rel (problem_id, problem_condition_id) VALUES (179, 5);
INSERT INTO edomp.problem_condition_problem_template_rel (problem_id, problem_condition_id) VALUES (180, 1);
INSERT INTO edomp.problem_condition_problem_template_rel (problem_id, problem_condition_id) VALUES (181, 1);
INSERT INTO edomp.problem_condition_problem_template_rel (problem_id, problem_condition_id) VALUES (220, 6);
INSERT INTO edomp.problem_condition_problem_template_rel (problem_id, problem_condition_id) VALUES (237, 3);
INSERT INTO edomp.problem_condition_problem_template_rel (problem_id, problem_condition_id) VALUES (246, 5);
INSERT INTO edomp.problem_condition_problem_template_rel (problem_id, problem_condition_id) VALUES (248, 5);
INSERT INTO edomp.problem_condition_problem_template_rel (problem_id, problem_condition_id) VALUES (249, 1);
INSERT INTO edomp.problem_condition_problem_template_rel (problem_id, problem_condition_id) VALUES (251, 1);
INSERT INTO edomp.problem_condition_problem_template_rel (problem_id, problem_condition_id) VALUES (253, 1);
INSERT INTO edomp.problem_condition_type (id, label, created) VALUES (1, 'Podmínka výsledku', '2019-04-27 11:42:36');
INSERT INTO edomp.problem_condition_type (id, label, created) VALUES (2, 'Podmínka diskriminantu', '2019-04-27 11:42:58');
INSERT INTO edomp.problem_final (id, problem_template_id, result, is_generated, variable, first_n) VALUES (166, null, '$$ x = 5 $$', 0, '', null);
INSERT INTO edomp.problem_final (id, problem_template_id, result, is_generated, variable, first_n) VALUES (167, null, '', 0, '', null);
INSERT INTO edomp.problem_final (id, problem_template_id, result, is_generated, variable, first_n) VALUES (168, null, '', 0, '', null);
INSERT INTO edomp.problem_final (id, problem_template_id, result, is_generated, variable, first_n) VALUES (169, null, '', 0, '', null);
INSERT INTO edomp.problem_final (id, problem_template_id, result, is_generated, variable, first_n) VALUES (170, null, '$$ x = 3 $$', 0, '', null);
INSERT INTO edomp.problem_final (id, problem_template_id, result, is_generated, variable, first_n) VALUES (171, null, '', 0, '', null);
INSERT INTO edomp.problem_final (id, problem_template_id, result, is_generated, variable, first_n) VALUES (172, null, '', 0, '', null);
INSERT INTO edomp.problem_final (id, problem_template_id, result, is_generated, variable, first_n) VALUES (176, null, '', 0, '', null);
INSERT INTO edomp.problem_final (id, problem_template_id, result, is_generated, variable, first_n) VALUES (177, null, '$$ x_1 = 0 $$
$$ x_2 = -1 $$', 0, '', null);
INSERT INTO edomp.problem_final (id, problem_template_id, result, is_generated, variable, first_n) VALUES (178, null, '', 0, '', null);
INSERT INTO edomp.problem_final (id, problem_template_id, result, is_generated, variable, first_n) VALUES (179, null, '', 0, '', null);
INSERT INTO edomp.problem_final (id, problem_template_id, result, is_generated, variable, first_n) VALUES (180, null, '$$ x = 2 $$', 0, '', null);
INSERT INTO edomp.problem_final (id, problem_template_id, result, is_generated, variable, first_n) VALUES (181, null, '', 0, '', null);
INSERT INTO edomp.problem_final (id, problem_template_id, result, is_generated, variable, first_n) VALUES (246, null, '', 0, '', null);
INSERT INTO edomp.problem_final (id, problem_template_id, result, is_generated, variable, first_n) VALUES (253, null, '', 0, '', null);
INSERT INTO edomp.problem_template (id, matches) VALUES (220, '"[{\\"p0\\":0},{\\"p0\\":1}]"');
INSERT INTO edomp.problem_template (id, matches) VALUES (237, '"[{\\"p0\\":0}]"');
INSERT INTO edomp.problem_template (id, matches) VALUES (238, null);
INSERT INTO edomp.problem_template (id, matches) VALUES (239, null);
INSERT INTO edomp.problem_template (id, matches) VALUES (248, null);
INSERT INTO edomp.problem_template (id, matches) VALUES (249, null);
INSERT INTO edomp.problem_template (id, matches) VALUES (251, null);
INSERT INTO edomp.problem_tp_problem_condition_tp_rel (problem_type_id, problem_condition_type_id) VALUES (1, 1);
INSERT INTO edomp.problem_tp_problem_condition_tp_rel (problem_type_id, problem_condition_type_id) VALUES (2, 2);
INSERT INTO edomp.problem_type (id, label, is_generatable, created) VALUES (1, 'Lineární rovnice', 1, '2019-04-05 19:19:49');
INSERT INTO edomp.problem_type (id, label, is_generatable, created) VALUES (2, 'Kvadratická rovnice', 1, '2019-04-05 19:19:49');
INSERT INTO edomp.problem_type (id, label, is_generatable, created) VALUES (3, 'Aritmetická posloupnost', 1, '2019-04-05 19:19:49');
INSERT INTO edomp.problem_type (id, label, is_generatable, created) VALUES (4, 'Geometická posloupnost', 1, '2019-04-05 19:19:49');
INSERT INTO edomp.problem_type (id, label, is_generatable, created) VALUES (11, 'Funkce', 0, '2019-06-20 12:47:56');
INSERT INTO edomp.quadratic_eq_templ (id, variable) VALUES (220, 'x');
INSERT INTO edomp.quadratic_eq_templ (id, variable) VALUES (248, 'x');
INSERT INTO edomp.role (id, label, created, `key`) VALUES (1, 'Administrátor', '2019-05-01 20:39:35', 'admin');
INSERT INTO edomp.role (id, label, created, `key`) VALUES (2, 'Učitel', '2019-05-01 20:39:51', 'teacher');
INSERT INTO edomp.role (id, label, created, `key`) VALUES (3, 'Student', '2019-05-01 20:39:51', 'student');
INSERT INTO edomp.sub_category (id, category_id, label, created) VALUES (1, 1, '1.1. Lineární rovnice', '2019-06-16 10:13:01');
INSERT INTO edomp.sub_category (id, category_id, label, created) VALUES (2, 1, '1.2. Kvadratické rovnice', '2019-06-16 10:14:52');
INSERT INTO edomp.sub_category (id, category_id, label, created) VALUES (3, 2, '2.1. Aritmetické posloupnosti', '2019-06-16 10:15:10');
INSERT INTO edomp.sub_category (id, category_id, label, created) VALUES (10, 2, '2.2. Geometrické posloupnosti', '2019-06-20 13:05:03');
INSERT INTO edomp.super_group (id, label, created, created_by_id) VALUES (1, 'Administrators', '2019-05-02 10:46:13', null);
INSERT INTO edomp.super_group (id, label, created, created_by_id) VALUES (16, 'Střední škola', '2019-06-20 13:30:19', 68);
INSERT INTO edomp.super_group (id, label, created, created_by_id) VALUES (17, 'Externisté', '2019-06-20 13:30:27', 68);
INSERT INTO edomp.super_group_category_rel (super_group_id, category_id) VALUES (16, 2);
INSERT INTO edomp.super_group_category_rel (super_group_id, category_id) VALUES (17, 2);
INSERT INTO edomp.template_json_data (id, json_data, template_id, created) VALUES (1, '"{\\"matches\\":[{\\"p0\\":11,\\"p1\\":10},{\\"p0\\":12,\\"p1\\":10},{\\"p0\\":12,\\"p1\\":11},{\\"p0\\":13,\\"p1\\":10},{\\"p0\\":13,\\"p1\\":11},{\\"p0\\":13,\\"p1\\":12},{\\"p0\\":14,\\"p1\\":10},{\\"p0\\":14,\\"p1\\":11},{\\"p0\\":14,\\"p1\\":12},{\\"p0\\":14,\\"p1\\":13},{\\"p0\\":15,\\"p1\\":10},{\\"p0\\":15,\\"p1\\":11},{\\"p0\\":15,\\"p1\\":12},{\\"p0\\":15,\\"p1\\":13},{\\"p0\\":15,\\"p1\\":14}]}"', 2, '2019-04-30 23:29:56');
INSERT INTO edomp.template_json_data (id, json_data, template_id, created) VALUES (2, '{"matches":[{"p0":5},{"p0":6},{"p0":7},{"p0":8},{"p0":9},{"p0":10}]}', 41, '2019-05-08 17:50:46');
INSERT INTO edomp.template_json_data (id, json_data, template_id, created) VALUES (3, '{"matches":[true]}', 43, '2019-05-16 10:56:24');
INSERT INTO edomp.template_json_data (id, json_data, template_id, created) VALUES (4, '"{\\"matches\\":[true]}"', 49, '2019-05-24 19:57:49');
INSERT INTO edomp.template_json_data (id, json_data, template_id, created) VALUES (5, '"{\\"matches\\":[true]}"', 50, '2019-05-24 23:04:33');
INSERT INTO edomp.template_json_data (id, json_data, template_id, created) VALUES (6, '"{\\"matches\\":[true]}"', 55, '2019-05-25 15:47:31');
INSERT INTO edomp.template_json_data (id, json_data, template_id, created) VALUES (7, '"{\\"matches\\":[{\\"p0\\":1},{\\"p0\\":2},{\\"p0\\":3},{\\"p0\\":4},{\\"p0\\":5},{\\"p0\\":6},{\\"p0\\":7},{\\"p0\\":8},{\\"p0\\":9},{\\"p0\\":10}]}"', 58, '2019-05-25 16:05:54');
INSERT INTO edomp.template_json_data (id, json_data, template_id, created) VALUES (8, '"{\\"matches\\":[true]}"', 57, '2019-05-25 16:09:50');
INSERT INTO edomp.template_json_data (id, json_data, template_id, created) VALUES (9, '"{\\"matches\\":[{\\"p0\\":0,\\"p1\\":5},{\\"p0\\":0,\\"p1\\":6},{\\"p0\\":0,\\"p1\\":7},{\\"p0\\":0,\\"p1\\":8},{\\"p0\\":0,\\"p1\\":9},{\\"p0\\":0,\\"p1\\":10},{\\"p0\\":0,\\"p1\\":11},{\\"p0\\":0,\\"p1\\":12},{\\"p0\\":0,\\"p1\\":13},{\\"p0\\":0,\\"p1\\":14},{\\"p0\\":0,\\"p1\\":15},{\\"p0\\":0,\\"p1\\":16},{\\"p0\\":0,\\"p1\\":17},{\\"p0\\":0,\\"p1\\":18},{\\"p0\\":0,\\"p1\\":19},{\\"p0\\":0,\\"p1\\":20},{\\"p0\\":1,\\"p1\\":5},{\\"p0\\":1,\\"p1\\":6},{\\"p0\\":1,\\"p1\\":7},{\\"p0\\":1,\\"p1\\":8},{\\"p0\\":1,\\"p1\\":9},{\\"p0\\":1,\\"p1\\":10},{\\"p0\\":1,\\"p1\\":11},{\\"p0\\":1,\\"p1\\":12},{\\"p0\\":1,\\"p1\\":13},{\\"p0\\":1,\\"p1\\":14},{\\"p0\\":1,\\"p1\\":15},{\\"p0\\":1,\\"p1\\":16},{\\"p0\\":1,\\"p1\\":17},{\\"p0\\":1,\\"p1\\":18},{\\"p0\\":1,\\"p1\\":19},{\\"p0\\":1,\\"p1\\":20},{\\"p0\\":2,\\"p1\\":5},{\\"p0\\":2,\\"p1\\":6},{\\"p0\\":2,\\"p1\\":7},{\\"p0\\":2,\\"p1\\":8},{\\"p0\\":2,\\"p1\\":9},{\\"p0\\":2,\\"p1\\":10},{\\"p0\\":2,\\"p1\\":11},{\\"p0\\":2,\\"p1\\":12},{\\"p0\\":2,\\"p1\\":13},{\\"p0\\":2,\\"p1\\":14},{\\"p0\\":2,\\"p1\\":15},{\\"p0\\":2,\\"p1\\":16},{\\"p0\\":2,\\"p1\\":17},{\\"p0\\":2,\\"p1\\":18},{\\"p0\\":2,\\"p1\\":19},{\\"p0\\":2,\\"p1\\":20},{\\"p0\\":3,\\"p1\\":5},{\\"p0\\":3,\\"p1\\":6},{\\"p0\\":3,\\"p1\\":7},{\\"p0\\":3,\\"p1\\":8},{\\"p0\\":3,\\"p1\\":9},{\\"p0\\":3,\\"p1\\":10},{\\"p0\\":3,\\"p1\\":11},{\\"p0\\":3,\\"p1\\":12},{\\"p0\\":3,\\"p1\\":13},{\\"p0\\":3,\\"p1\\":14},{\\"p0\\":3,\\"p1\\":15},{\\"p0\\":3,\\"p1\\":16},{\\"p0\\":3,\\"p1\\":17},{\\"p0\\":3,\\"p1\\":18},{\\"p0\\":3,\\"p1\\":19},{\\"p0\\":3,\\"p1\\":20},{\\"p0\\":4,\\"p1\\":5},{\\"p0\\":4,\\"p1\\":6},{\\"p0\\":4,\\"p1\\":7},{\\"p0\\":4,\\"p1\\":8},{\\"p0\\":4,\\"p1\\":9},{\\"p0\\":4,\\"p1\\":10},{\\"p0\\":4,\\"p1\\":11},{\\"p0\\":4,\\"p1\\":12},{\\"p0\\":4,\\"p1\\":13},{\\"p0\\":4,\\"p1\\":14},{\\"p0\\":4,\\"p1\\":15},{\\"p0\\":4,\\"p1\\":16},{\\"p0\\":4,\\"p1\\":17},{\\"p0\\":4,\\"p1\\":18},{\\"p0\\":4,\\"p1\\":19},{\\"p0\\":4,\\"p1\\":20},{\\"p0\\":5,\\"p1\\":6},{\\"p0\\":5,\\"p1\\":7},{\\"p0\\":5,\\"p1\\":8},{\\"p0\\":5,\\"p1\\":9},{\\"p0\\":5,\\"p1\\":10},{\\"p0\\":5,\\"p1\\":11},{\\"p0\\":5,\\"p1\\":12},{\\"p0\\":5,\\"p1\\":13},{\\"p0\\":5,\\"p1\\":14},{\\"p0\\":5,\\"p1\\":15},{\\"p0\\":5,\\"p1\\":16},{\\"p0\\":5,\\"p1\\":17},{\\"p0\\":5,\\"p1\\":18},{\\"p0\\":5,\\"p1\\":19},{\\"p0\\":5,\\"p1\\":20},{\\"p0\\":6,\\"p1\\":7},{\\"p0\\":6,\\"p1\\":8},{\\"p0\\":6,\\"p1\\":9},{\\"p0\\":6,\\"p1\\":10},{\\"p0\\":6,\\"p1\\":11},{\\"p0\\":6,\\"p1\\":12},{\\"p0\\":6,\\"p1\\":13},{\\"p0\\":6,\\"p1\\":14},{\\"p0\\":6,\\"p1\\":15},{\\"p0\\":6,\\"p1\\":16},{\\"p0\\":6,\\"p1\\":17},{\\"p0\\":6,\\"p1\\":18},{\\"p0\\":6,\\"p1\\":19},{\\"p0\\":6,\\"p1\\":20},{\\"p0\\":7,\\"p1\\":8},{\\"p0\\":7,\\"p1\\":9},{\\"p0\\":7,\\"p1\\":10},{\\"p0\\":7,\\"p1\\":11},{\\"p0\\":7,\\"p1\\":12},{\\"p0\\":7,\\"p1\\":13},{\\"p0\\":7,\\"p1\\":14},{\\"p0\\":7,\\"p1\\":15},{\\"p0\\":7,\\"p1\\":16},{\\"p0\\":7,\\"p1\\":17},{\\"p0\\":7,\\"p1\\":18},{\\"p0\\":7,\\"p1\\":19},{\\"p0\\":7,\\"p1\\":20},{\\"p0\\":8,\\"p1\\":9},{\\"p0\\":8,\\"p1\\":10},{\\"p0\\":8,\\"p1\\":11},{\\"p0\\":8,\\"p1\\":12},{\\"p0\\":8,\\"p1\\":13},{\\"p0\\":8,\\"p1\\":14},{\\"p0\\":8,\\"p1\\":15},{\\"p0\\":8,\\"p1\\":16},{\\"p0\\":8,\\"p1\\":17},{\\"p0\\":8,\\"p1\\":18},{\\"p0\\":8,\\"p1\\":19},{\\"p0\\":8,\\"p1\\":20},{\\"p0\\":9,\\"p1\\":10},{\\"p0\\":9,\\"p1\\":11},{\\"p0\\":9,\\"p1\\":12},{\\"p0\\":9,\\"p1\\":13},{\\"p0\\":9,\\"p1\\":14},{\\"p0\\":9,\\"p1\\":15},{\\"p0\\":9,\\"p1\\":16},{\\"p0\\":9,\\"p1\\":17},{\\"p0\\":9,\\"p1\\":18},{\\"p0\\":9,\\"p1\\":19},{\\"p0\\":9,\\"p1\\":20},{\\"p0\\":10,\\"p1\\":11},{\\"p0\\":10,\\"p1\\":12},{\\"p0\\":10,\\"p1\\":13},{\\"p0\\":10,\\"p1\\":14},{\\"p0\\":10,\\"p1\\":15},{\\"p0\\":10,\\"p1\\":16},{\\"p0\\":10,\\"p1\\":17},{\\"p0\\":10,\\"p1\\":18},{\\"p0\\":10,\\"p1\\":19},{\\"p0\\":10,\\"p1\\":20},{\\"p0\\":11,\\"p1\\":12},{\\"p0\\":11,\\"p1\\":13},{\\"p0\\":11,\\"p1\\":14},{\\"p0\\":11,\\"p1\\":15},{\\"p0\\":11,\\"p1\\":16},{\\"p0\\":11,\\"p1\\":17},{\\"p0\\":11,\\"p1\\":18},{\\"p0\\":11,\\"p1\\":19},{\\"p0\\":11,\\"p1\\":20},{\\"p0\\":12,\\"p1\\":13},{\\"p0\\":12,\\"p1\\":14},{\\"p0\\":12,\\"p1\\":15},{\\"p0\\":12,\\"p1\\":16},{\\"p0\\":12,\\"p1\\":17},{\\"p0\\":12,\\"p1\\":18},{\\"p0\\":12,\\"p1\\":19},{\\"p0\\":12,\\"p1\\":20},{\\"p0\\":13,\\"p1\\":14},{\\"p0\\":13,\\"p1\\":15},{\\"p0\\":13,\\"p1\\":16},{\\"p0\\":13,\\"p1\\":17},{\\"p0\\":13,\\"p1\\":18},{\\"p0\\":13,\\"p1\\":19},{\\"p0\\":13,\\"p1\\":20},{\\"p0\\":14,\\"p1\\":15},{\\"p0\\":14,\\"p1\\":16},{\\"p0\\":14,\\"p1\\":17},{\\"p0\\":14,\\"p1\\":18},{\\"p0\\":14,\\"p1\\":19},{\\"p0\\":14,\\"p1\\":20},{\\"p0\\":15,\\"p1\\":16},{\\"p0\\":15,\\"p1\\":17},{\\"p0\\":15,\\"p1\\":18},{\\"p0\\":15,\\"p1\\":19},{\\"p0\\":15,\\"p1\\":20}]}"', 74, '2019-05-27 21:28:03');
INSERT INTO edomp.template_json_data (id, json_data, template_id, created) VALUES (10, '"{\\"matches\\":[{\\"p0\\":5,\\"p1\\":5},{\\"p0\\":6,\\"p1\\":6},{\\"p0\\":7,\\"p1\\":7},{\\"p0\\":8,\\"p1\\":8},{\\"p0\\":9,\\"p1\\":9},{\\"p0\\":10,\\"p1\\":10},{\\"p0\\":11,\\"p1\\":11},{\\"p0\\":12,\\"p1\\":12},{\\"p0\\":13,\\"p1\\":13},{\\"p0\\":14,\\"p1\\":14},{\\"p0\\":15,\\"p1\\":15}]}"', 75, '2019-05-27 21:51:12');
INSERT INTO edomp.template_json_data (id, json_data, template_id, created) VALUES (11, '"{\\"matches\\":[{\\"p0\\":0,\\"p1\\":5},{\\"p0\\":0,\\"p1\\":6},{\\"p0\\":0,\\"p1\\":7},{\\"p0\\":0,\\"p1\\":8},{\\"p0\\":0,\\"p1\\":9},{\\"p0\\":0,\\"p1\\":10},{\\"p0\\":0,\\"p1\\":11},{\\"p0\\":0,\\"p1\\":12},{\\"p0\\":0,\\"p1\\":13},{\\"p0\\":0,\\"p1\\":14},{\\"p0\\":0,\\"p1\\":15},{\\"p0\\":0,\\"p1\\":16},{\\"p0\\":0,\\"p1\\":17},{\\"p0\\":0,\\"p1\\":18},{\\"p0\\":0,\\"p1\\":19},{\\"p0\\":0,\\"p1\\":20},{\\"p0\\":1,\\"p1\\":5},{\\"p0\\":1,\\"p1\\":6},{\\"p0\\":1,\\"p1\\":7},{\\"p0\\":1,\\"p1\\":8},{\\"p0\\":1,\\"p1\\":9},{\\"p0\\":1,\\"p1\\":10},{\\"p0\\":1,\\"p1\\":11},{\\"p0\\":1,\\"p1\\":12},{\\"p0\\":1,\\"p1\\":13},{\\"p0\\":1,\\"p1\\":14},{\\"p0\\":1,\\"p1\\":15},{\\"p0\\":1,\\"p1\\":16},{\\"p0\\":1,\\"p1\\":17},{\\"p0\\":1,\\"p1\\":18},{\\"p0\\":1,\\"p1\\":19},{\\"p0\\":1,\\"p1\\":20},{\\"p0\\":2,\\"p1\\":5},{\\"p0\\":2,\\"p1\\":6},{\\"p0\\":2,\\"p1\\":7},{\\"p0\\":2,\\"p1\\":8},{\\"p0\\":2,\\"p1\\":9},{\\"p0\\":2,\\"p1\\":10},{\\"p0\\":2,\\"p1\\":11},{\\"p0\\":2,\\"p1\\":12},{\\"p0\\":2,\\"p1\\":13},{\\"p0\\":2,\\"p1\\":14},{\\"p0\\":2,\\"p1\\":15},{\\"p0\\":2,\\"p1\\":16},{\\"p0\\":2,\\"p1\\":17},{\\"p0\\":2,\\"p1\\":18},{\\"p0\\":2,\\"p1\\":19},{\\"p0\\":2,\\"p1\\":20},{\\"p0\\":3,\\"p1\\":5},{\\"p0\\":3,\\"p1\\":6},{\\"p0\\":3,\\"p1\\":7},{\\"p0\\":3,\\"p1\\":8},{\\"p0\\":3,\\"p1\\":9},{\\"p0\\":3,\\"p1\\":10},{\\"p0\\":3,\\"p1\\":11},{\\"p0\\":3,\\"p1\\":12},{\\"p0\\":3,\\"p1\\":13},{\\"p0\\":3,\\"p1\\":14},{\\"p0\\":3,\\"p1\\":15},{\\"p0\\":3,\\"p1\\":16},{\\"p0\\":3,\\"p1\\":17},{\\"p0\\":3,\\"p1\\":18},{\\"p0\\":3,\\"p1\\":19},{\\"p0\\":3,\\"p1\\":20},{\\"p0\\":4,\\"p1\\":5},{\\"p0\\":4,\\"p1\\":6},{\\"p0\\":4,\\"p1\\":7},{\\"p0\\":4,\\"p1\\":8},{\\"p0\\":4,\\"p1\\":9},{\\"p0\\":4,\\"p1\\":10},{\\"p0\\":4,\\"p1\\":11},{\\"p0\\":4,\\"p1\\":12},{\\"p0\\":4,\\"p1\\":13},{\\"p0\\":4,\\"p1\\":14},{\\"p0\\":4,\\"p1\\":15},{\\"p0\\":4,\\"p1\\":16},{\\"p0\\":4,\\"p1\\":17},{\\"p0\\":4,\\"p1\\":18},{\\"p0\\":4,\\"p1\\":19},{\\"p0\\":4,\\"p1\\":20},{\\"p0\\":5,\\"p1\\":6},{\\"p0\\":5,\\"p1\\":7},{\\"p0\\":5,\\"p1\\":8},{\\"p0\\":5,\\"p1\\":9},{\\"p0\\":5,\\"p1\\":10},{\\"p0\\":5,\\"p1\\":11},{\\"p0\\":5,\\"p1\\":12},{\\"p0\\":5,\\"p1\\":13},{\\"p0\\":5,\\"p1\\":14},{\\"p0\\":5,\\"p1\\":15},{\\"p0\\":5,\\"p1\\":16},{\\"p0\\":5,\\"p1\\":17},{\\"p0\\":5,\\"p1\\":18},{\\"p0\\":5,\\"p1\\":19},{\\"p0\\":5,\\"p1\\":20},{\\"p0\\":6,\\"p1\\":7},{\\"p0\\":6,\\"p1\\":8},{\\"p0\\":6,\\"p1\\":9},{\\"p0\\":6,\\"p1\\":10},{\\"p0\\":6,\\"p1\\":11},{\\"p0\\":6,\\"p1\\":12},{\\"p0\\":6,\\"p1\\":13},{\\"p0\\":6,\\"p1\\":14},{\\"p0\\":6,\\"p1\\":15},{\\"p0\\":6,\\"p1\\":16},{\\"p0\\":6,\\"p1\\":17},{\\"p0\\":6,\\"p1\\":18},{\\"p0\\":6,\\"p1\\":19},{\\"p0\\":6,\\"p1\\":20},{\\"p0\\":7,\\"p1\\":8},{\\"p0\\":7,\\"p1\\":9},{\\"p0\\":7,\\"p1\\":10},{\\"p0\\":7,\\"p1\\":11},{\\"p0\\":7,\\"p1\\":12},{\\"p0\\":7,\\"p1\\":13},{\\"p0\\":7,\\"p1\\":14},{\\"p0\\":7,\\"p1\\":15},{\\"p0\\":7,\\"p1\\":16},{\\"p0\\":7,\\"p1\\":17},{\\"p0\\":7,\\"p1\\":18},{\\"p0\\":7,\\"p1\\":19},{\\"p0\\":7,\\"p1\\":20},{\\"p0\\":8,\\"p1\\":9},{\\"p0\\":8,\\"p1\\":10},{\\"p0\\":8,\\"p1\\":11},{\\"p0\\":8,\\"p1\\":12},{\\"p0\\":8,\\"p1\\":13},{\\"p0\\":8,\\"p1\\":14},{\\"p0\\":8,\\"p1\\":15},{\\"p0\\":8,\\"p1\\":16},{\\"p0\\":8,\\"p1\\":17},{\\"p0\\":8,\\"p1\\":18},{\\"p0\\":8,\\"p1\\":19},{\\"p0\\":8,\\"p1\\":20},{\\"p0\\":9,\\"p1\\":10},{\\"p0\\":9,\\"p1\\":11},{\\"p0\\":9,\\"p1\\":12},{\\"p0\\":9,\\"p1\\":13},{\\"p0\\":9,\\"p1\\":14},{\\"p0\\":9,\\"p1\\":15},{\\"p0\\":9,\\"p1\\":16},{\\"p0\\":9,\\"p1\\":17},{\\"p0\\":9,\\"p1\\":18},{\\"p0\\":9,\\"p1\\":19},{\\"p0\\":9,\\"p1\\":20},{\\"p0\\":10,\\"p1\\":11},{\\"p0\\":10,\\"p1\\":12},{\\"p0\\":10,\\"p1\\":13},{\\"p0\\":10,\\"p1\\":14},{\\"p0\\":10,\\"p1\\":15},{\\"p0\\":10,\\"p1\\":16},{\\"p0\\":10,\\"p1\\":17},{\\"p0\\":10,\\"p1\\":18},{\\"p0\\":10,\\"p1\\":19},{\\"p0\\":10,\\"p1\\":20},{\\"p0\\":11,\\"p1\\":12},{\\"p0\\":11,\\"p1\\":13},{\\"p0\\":11,\\"p1\\":14},{\\"p0\\":11,\\"p1\\":15},{\\"p0\\":11,\\"p1\\":16},{\\"p0\\":11,\\"p1\\":17},{\\"p0\\":11,\\"p1\\":18},{\\"p0\\":11,\\"p1\\":19},{\\"p0\\":11,\\"p1\\":20},{\\"p0\\":12,\\"p1\\":13},{\\"p0\\":12,\\"p1\\":14},{\\"p0\\":12,\\"p1\\":15},{\\"p0\\":12,\\"p1\\":16},{\\"p0\\":12,\\"p1\\":17},{\\"p0\\":12,\\"p1\\":18},{\\"p0\\":12,\\"p1\\":19},{\\"p0\\":12,\\"p1\\":20},{\\"p0\\":13,\\"p1\\":14},{\\"p0\\":13,\\"p1\\":15},{\\"p0\\":13,\\"p1\\":16},{\\"p0\\":13,\\"p1\\":17},{\\"p0\\":13,\\"p1\\":18},{\\"p0\\":13,\\"p1\\":19},{\\"p0\\":13,\\"p1\\":20},{\\"p0\\":14,\\"p1\\":15},{\\"p0\\":14,\\"p1\\":16},{\\"p0\\":14,\\"p1\\":17},{\\"p0\\":14,\\"p1\\":18},{\\"p0\\":14,\\"p1\\":19},{\\"p0\\":14,\\"p1\\":20},{\\"p0\\":15,\\"p1\\":16},{\\"p0\\":15,\\"p1\\":17},{\\"p0\\":15,\\"p1\\":18},{\\"p0\\":15,\\"p1\\":19},{\\"p0\\":15,\\"p1\\":20}]}"', 76, '2019-05-27 21:52:56');
INSERT INTO edomp.template_json_data (id, json_data, template_id, created) VALUES (12, '"{\\"matches\\":[{\\"p0\\":5,\\"p1\\":5},{\\"p0\\":6,\\"p1\\":6},{\\"p0\\":7,\\"p1\\":7},{\\"p0\\":8,\\"p1\\":8},{\\"p0\\":9,\\"p1\\":9},{\\"p0\\":10,\\"p1\\":10},{\\"p0\\":11,\\"p1\\":11},{\\"p0\\":12,\\"p1\\":12},{\\"p0\\":13,\\"p1\\":13},{\\"p0\\":14,\\"p1\\":14},{\\"p0\\":15,\\"p1\\":15}]}"', 77, '2019-05-27 22:15:58');
INSERT INTO edomp.template_json_data (id, json_data, template_id, created) VALUES (13, '"{\\"matches\\":[{\\"p0\\":10},{\\"p0\\":11},{\\"p0\\":12},{\\"p0\\":13},{\\"p0\\":14},{\\"p0\\":15},{\\"p0\\":16},{\\"p0\\":17},{\\"p0\\":18},{\\"p0\\":19},{\\"p0\\":20},{\\"p0\\":21},{\\"p0\\":22},{\\"p0\\":23},{\\"p0\\":24},{\\"p0\\":25}]}"', 109, '2019-05-28 22:04:19');
INSERT INTO edomp.template_json_data (id, json_data, template_id, created) VALUES (14, '"{\\"matches\\":[{\\"p0\\":1},{\\"p0\\":2},{\\"p0\\":3},{\\"p0\\":4},{\\"p0\\":5},{\\"p0\\":6},{\\"p0\\":7},{\\"p0\\":8},{\\"p0\\":9},{\\"p0\\":10},{\\"p0\\":11},{\\"p0\\":12},{\\"p0\\":13},{\\"p0\\":14},{\\"p0\\":15},{\\"p0\\":16},{\\"p0\\":17},{\\"p0\\":18},{\\"p0\\":19},{\\"p0\\":20},{\\"p0\\":21},{\\"p0\\":22},{\\"p0\\":23},{\\"p0\\":24},{\\"p0\\":25}]}"', 111, '2019-05-28 22:07:53');
INSERT INTO edomp.template_json_data (id, json_data, template_id, created) VALUES (15, '"{\\"matches\\":[{\\"p0\\":5},{\\"p0\\":6},{\\"p0\\":7},{\\"p0\\":8},{\\"p0\\":9},{\\"p0\\":10},{\\"p0\\":11},{\\"p0\\":12},{\\"p0\\":13},{\\"p0\\":14},{\\"p0\\":15}]}"', 120, '2019-05-28 22:20:53');
INSERT INTO edomp.template_json_data (id, json_data, template_id, created) VALUES (16, '"{\\"matches\\":[{\\"p0\\":1},{\\"p0\\":2},{\\"p0\\":3},{\\"p0\\":4},{\\"p0\\":5},{\\"p0\\":6},{\\"p0\\":7},{\\"p0\\":8},{\\"p0\\":9},{\\"p0\\":10},{\\"p0\\":11},{\\"p0\\":12},{\\"p0\\":13},{\\"p0\\":14},{\\"p0\\":15},{\\"p0\\":16},{\\"p0\\":17},{\\"p0\\":18},{\\"p0\\":19},{\\"p0\\":20},{\\"p0\\":21},{\\"p0\\":22},{\\"p0\\":23},{\\"p0\\":24},{\\"p0\\":25}]}"', 110, '2019-05-28 22:24:58');
INSERT INTO edomp.template_json_data (id, json_data, template_id, created) VALUES (17, '"{\\"matches\\":[{\\"p0\\":1},{\\"p0\\":2},{\\"p0\\":3},{\\"p0\\":4},{\\"p0\\":5},{\\"p0\\":6},{\\"p0\\":7},{\\"p0\\":8},{\\"p0\\":9},{\\"p0\\":10},{\\"p0\\":11},{\\"p0\\":12},{\\"p0\\":13},{\\"p0\\":14},{\\"p0\\":15},{\\"p0\\":16},{\\"p0\\":17},{\\"p0\\":18},{\\"p0\\":19},{\\"p0\\":20}]}"', 3, '2019-05-28 22:27:47');
INSERT INTO edomp.template_json_data (id, json_data, template_id, created) VALUES (18, '"{\\"matches\\":[{\\"p0\\":6},{\\"p0\\":7},{\\"p0\\":8},{\\"p0\\":9},{\\"p0\\":10},{\\"p0\\":11},{\\"p0\\":12},{\\"p0\\":13},{\\"p0\\":14},{\\"p0\\":15},{\\"p0\\":16},{\\"p0\\":17},{\\"p0\\":18},{\\"p0\\":19},{\\"p0\\":20},{\\"p0\\":21},{\\"p0\\":22},{\\"p0\\":23},{\\"p0\\":24},{\\"p0\\":25},{\\"p0\\":26},{\\"p0\\":27},{\\"p0\\":28},{\\"p0\\":29},{\\"p0\\":30}]}"', 121, '2019-05-28 22:29:06');
INSERT INTO edomp.template_json_data (id, json_data, template_id, created) VALUES (19, '"{\\"matches\\":[{\\"p0\\":10},{\\"p0\\":11},{\\"p0\\":12},{\\"p0\\":13},{\\"p0\\":14},{\\"p0\\":15},{\\"p0\\":16},{\\"p0\\":17},{\\"p0\\":18},{\\"p0\\":19}]}"', 122, '2019-05-28 23:46:18');
INSERT INTO edomp.template_json_data (id, json_data, template_id, created) VALUES (20, '"{\\"matches\\":[{\\"p0\\":1},{\\"p0\\":2},{\\"p0\\":3},{\\"p0\\":4},{\\"p0\\":5},{\\"p0\\":6},{\\"p0\\":7},{\\"p0\\":8},{\\"p0\\":9},{\\"p0\\":10},{\\"p0\\":11},{\\"p0\\":12},{\\"p0\\":13},{\\"p0\\":14},{\\"p0\\":15},{\\"p0\\":16},{\\"p0\\":17},{\\"p0\\":18},{\\"p0\\":19},{\\"p0\\":20}]}"', 151, '2019-05-31 19:07:25');
INSERT INTO edomp.template_json_data (id, json_data, template_id, created) VALUES (21, '"{\\"matches\\":[{\\"p0\\":5},{\\"p0\\":6},{\\"p0\\":7},{\\"p0\\":8},{\\"p0\\":9},{\\"p0\\":10},{\\"p0\\":11},{\\"p0\\":12},{\\"p0\\":13},{\\"p0\\":14},{\\"p0\\":15}]}"', 152, '2019-05-31 19:17:03');
INSERT INTO edomp.template_json_data (id, json_data, template_id, created) VALUES (22, '"[{\\"p0\\":0},{\\"p0\\":1},{\\"p0\\":2},{\\"p0\\":3},{\\"p0\\":4},{\\"p0\\":5},{\\"p0\\":6},{\\"p0\\":7},{\\"p0\\":8},{\\"p0\\":9},{\\"p0\\":10},{\\"p0\\":11},{\\"p0\\":12},{\\"p0\\":13},{\\"p0\\":14},{\\"p0\\":15}]"', 159, '2019-06-10 19:32:53');
INSERT INTO edomp.template_json_data (id, json_data, template_id, created) VALUES (23, '"[{\\"p0\\":0},{\\"p0\\":1},{\\"p0\\":2},{\\"p0\\":3},{\\"p0\\":4},{\\"p0\\":5},{\\"p0\\":6},{\\"p0\\":7},{\\"p0\\":8},{\\"p0\\":9},{\\"p0\\":10},{\\"p0\\":11},{\\"p0\\":12},{\\"p0\\":13},{\\"p0\\":14},{\\"p0\\":15},{\\"p0\\":16},{\\"p0\\":17},{\\"p0\\":18},{\\"p0\\":19},{\\"p0\\":20}]"', 162, '2019-06-13 18:57:26');
INSERT INTO edomp.template_json_data (id, json_data, template_id, created) VALUES (24, '"[{\\"p0\\":0},{\\"p0\\":1},{\\"p0\\":2},{\\"p0\\":3},{\\"p0\\":4},{\\"p0\\":5},{\\"p0\\":6},{\\"p0\\":7},{\\"p0\\":8},{\\"p0\\":9},{\\"p0\\":10},{\\"p0\\":11},{\\"p0\\":12},{\\"p0\\":13},{\\"p0\\":14},{\\"p0\\":15},{\\"p0\\":16},{\\"p0\\":17},{\\"p0\\":18},{\\"p0\\":19},{\\"p0\\":20}]"', 164, '2019-06-13 19:10:21');
INSERT INTO edomp.template_json_data (id, json_data, template_id, created) VALUES (25, '"[{\\"p0\\":0},{\\"p0\\":1}]"', 167, '2019-06-16 16:27:02');
INSERT INTO edomp.template_json_data (id, json_data, template_id, created) VALUES (26, '"[{\\"p0\\":0},{\\"p0\\":1}]"', 182, '2019-06-16 18:09:48');
INSERT INTO edomp.template_json_data (id, json_data, template_id, created) VALUES (27, '"[{\\"p0\\":0},{\\"p0\\":1}]"', 220, '2019-06-18 20:24:37');
INSERT INTO edomp.template_json_data (id, json_data, template_id, created) VALUES (28, '"[{\\"p0\\":0}]"', 237, '2019-06-20 12:44:48');
INSERT INTO edomp.template_json_data (id, json_data, template_id, created) VALUES (29, '"[{\\"p0\\":6},{\\"p0\\":7},{\\"p0\\":8},{\\"p0\\":9},{\\"p0\\":10}]"', 245, '2019-06-20 15:37:31');
INSERT INTO edomp.term (id, label, created) VALUES (1, '1. pololetí', '2019-04-30 20:35:36');
INSERT INTO edomp.term (id, label, created) VALUES (2, '2. pololetí', '2019-04-30 20:35:40');
INSERT INTO edomp.user (id, username, password, created, is_admin, role_id, created_by_id, first_name, last_name) VALUES (68, 'admin', '$2y$10$E7uP70dMpG56mwA/b62VeOwR7bheongU0Wa7lP7S7kozNCsOyqIeO', '2019-06-20 11:21:18', 1, 1, null, 'Petr', 'Pondělík');
INSERT INTO edomp.user (id, username, password, created, is_admin, role_id, created_by_id, first_name, last_name) VALUES (69, 'jkohneke0@nba.com', '$2y$10$E7uP70dMpG56mwA/b62VeOwR7bheongU0Wa7lP7S7kozNCsOyqIeO', '2019-06-20 11:21:18', 0, 2, 68, 'Joyce', 'Kohneke');
INSERT INTO edomp.user (id, username, password, created, is_admin, role_id, created_by_id, first_name, last_name) VALUES (70, 'mhazzard1@wiley.com', '$2y$10$E7uP70dMpG56mwA/b62VeOwR7bheongU0Wa7lP7S7kozNCsOyqIeO', '2019-06-20 11:21:18', 0, 2, 68, 'Madelon', 'Hazzard');
INSERT INTO edomp.user (id, username, password, created, is_admin, role_id, created_by_id, first_name, last_name) VALUES (71, 'ddrable2@barnesandnoble.com', '$2y$10$E7uP70dMpG56mwA/b62VeOwR7bheongU0Wa7lP7S7kozNCsOyqIeO', '2019-06-20 11:21:18', 0, 2, 68, 'Doralynn', 'Drable');
INSERT INTO edomp.user (id, username, password, created, is_admin, role_id, created_by_id, first_name, last_name) VALUES (72, 'mstammler3@so-net.ne.jp', '$2y$10$E7uP70dMpG56mwA/b62VeOwR7bheongU0Wa7lP7S7kozNCsOyqIeO', '2019-06-20 11:21:18', 0, 3, 68, 'Mia', 'Stammler');
INSERT INTO edomp.user (id, username, password, created, is_admin, role_id, created_by_id, first_name, last_name) VALUES (73, 'hjann4@devhub.com', '$2y$10$E7uP70dMpG56mwA/b62VeOwR7bheongU0Wa7lP7S7kozNCsOyqIeO', '2019-06-20 11:21:18', 0, 3, 68, 'Horatius', 'Jann');
INSERT INTO edomp.user (id, username, password, created, is_admin, role_id, created_by_id, first_name, last_name) VALUES (74, 'srosser5@tuttocitta.it', '$2y$10$E7uP70dMpG56mwA/b62VeOwR7bheongU0Wa7lP7S7kozNCsOyqIeO', '2019-06-20 11:21:18', 0, 3, 68, 'Sara', 'Rosser');
INSERT INTO edomp.user (id, username, password, created, is_admin, role_id, created_by_id, first_name, last_name) VALUES (75, 'wweems6@scientificamerican.com', '$2y$10$E7uP70dMpG56mwA/b62VeOwR7bheongU0Wa7lP7S7kozNCsOyqIeO', '2019-06-20 11:21:18', 0, 3, 68, 'Welbie', 'Weems');
INSERT INTO edomp.user (id, username, password, created, is_admin, role_id, created_by_id, first_name, last_name) VALUES (76, 'gpullar7@reference.com', '$2y$10$E7uP70dMpG56mwA/b62VeOwR7bheongU0Wa7lP7S7kozNCsOyqIeO', '2019-06-20 11:21:18', 0, 3, 68, 'Garrett', 'Pullar');
INSERT INTO edomp.user (id, username, password, created, is_admin, role_id, created_by_id, first_name, last_name) VALUES (77, 'awenman8@ucoz.com', '$2y$10$E7uP70dMpG56mwA/b62VeOwR7bheongU0Wa7lP7S7kozNCsOyqIeO', '2019-06-20 11:21:18', 0, 3, 68, 'Aguie', 'Wenman');
INSERT INTO edomp.user (id, username, password, created, is_admin, role_id, created_by_id, first_name, last_name) VALUES (78, 'nantonignetti9@springer.com', '$2y$10$E7uP70dMpG56mwA/b62VeOwR7bheongU0Wa7lP7S7kozNCsOyqIeO', '2019-06-20 11:21:18', 0, 3, 68, 'Noreen', 'Antonignetti');
INSERT INTO edomp.user (id, username, password, created, is_admin, role_id, created_by_id, first_name, last_name) VALUES (79, 'hgrimstera@facebook.com', '$2y$10$E7uP70dMpG56mwA/b62VeOwR7bheongU0Wa7lP7S7kozNCsOyqIeO', '2019-06-20 11:21:18', 0, 3, 68, 'Hildagarde', 'Grimster');
INSERT INTO edomp.user (id, username, password, created, is_admin, role_id, created_by_id, first_name, last_name) VALUES (80, 'lcavellb@pagesperso-orange.fr', '$2y$10$E7uP70dMpG56mwA/b62VeOwR7bheongU0Wa7lP7S7kozNCsOyqIeO', '2019-06-20 11:21:18', 0, 3, 68, 'Lezley', 'Cavell');
INSERT INTO edomp.user (id, username, password, created, is_admin, role_id, created_by_id, first_name, last_name) VALUES (81, 'woldacrec@sciencedaily.com', '$2y$10$E7uP70dMpG56mwA/b62VeOwR7bheongU0Wa7lP7S7kozNCsOyqIeO', '2019-06-20 11:21:18', 0, 3, 68, 'Winonah', 'Oldacre');
INSERT INTO edomp.user (id, username, password, created, is_admin, role_id, created_by_id, first_name, last_name) VALUES (82, 'bgreserd@bloglovin.com', '$2y$10$E7uP70dMpG56mwA/b62VeOwR7bheongU0Wa7lP7S7kozNCsOyqIeO', '2019-06-20 11:21:18', 0, 3, 68, 'Bear', 'Greser');
INSERT INTO edomp.user (id, username, password, created, is_admin, role_id, created_by_id, first_name, last_name) VALUES (83, 'moldrede@miibeian.gov.cn', '$2y$10$E7uP70dMpG56mwA/b62VeOwR7bheongU0Wa7lP7S7kozNCsOyqIeO', '2019-06-20 11:21:18', 0, 3, 68, 'Margalit', 'Oldred');
INSERT INTO edomp.user (id, username, password, created, is_admin, role_id, created_by_id, first_name, last_name) VALUES (84, 'amaragaf@webnode.com', '$2y$10$E7uP70dMpG56mwA/b62VeOwR7bheongU0Wa7lP7S7kozNCsOyqIeO', '2019-06-20 11:21:18', 0, 3, 68, 'Angeli', 'Maraga');
INSERT INTO edomp.user (id, username, password, created, is_admin, role_id, created_by_id, first_name, last_name) VALUES (85, 'ppeetermanng@fema.gov', '$2y$10$E7uP70dMpG56mwA/b62VeOwR7bheongU0Wa7lP7S7kozNCsOyqIeO', '2019-06-20 11:21:18', 0, 3, 68, 'Page', 'Peetermann');
INSERT INTO edomp.user (id, username, password, created, is_admin, role_id, created_by_id, first_name, last_name) VALUES (86, 'sbucketth@smugmug.com', '$2y$10$E7uP70dMpG56mwA/b62VeOwR7bheongU0Wa7lP7S7kozNCsOyqIeO', '2019-06-20 11:21:18', 0, 3, 68, 'Serene', 'Buckett');
INSERT INTO edomp.user (id, username, password, created, is_admin, role_id, created_by_id, first_name, last_name) VALUES (87, 'adeadmani@tamu.edu', '$2y$10$E7uP70dMpG56mwA/b62VeOwR7bheongU0Wa7lP7S7kozNCsOyqIeO', '2019-06-20 11:21:18', 0, 3, 68, 'Arielle', 'Deadman');
INSERT INTO edomp.user (id, username, password, created, is_admin, role_id, created_by_id, first_name, last_name) VALUES (88, 'gbockinj@cdc.gov', '$2y$10$E7uP70dMpG56mwA/b62VeOwR7bheongU0Wa7lP7S7kozNCsOyqIeO', '2019-06-20 11:21:18', 0, 3, 68, 'Giulio', 'Bockin');
INSERT INTO edomp.user (id, username, password, created, is_admin, role_id, created_by_id, first_name, last_name) VALUES (89, 'goxburyk@icq.com', '$2y$10$E7uP70dMpG56mwA/b62VeOwR7bheongU0Wa7lP7S7kozNCsOyqIeO', '2019-06-20 11:21:18', 0, 3, 68, 'Georgy', 'Oxbury');
INSERT INTO edomp.user (id, username, password, created, is_admin, role_id, created_by_id, first_name, last_name) VALUES (90, 'abernlinl@parallels.com', '$2y$10$E7uP70dMpG56mwA/b62VeOwR7bheongU0Wa7lP7S7kozNCsOyqIeO', '2019-06-20 11:21:18', 0, 3, 68, 'Annice', 'Bernlin');
INSERT INTO edomp.user (id, username, password, created, is_admin, role_id, created_by_id, first_name, last_name) VALUES (91, 'mcapronm@blogger.com', '$2y$10$E7uP70dMpG56mwA/b62VeOwR7bheongU0Wa7lP7S7kozNCsOyqIeO', '2019-06-20 11:21:18', 0, 3, 68, 'Marylinda', 'Capron');
INSERT INTO edomp.user (id, username, password, created, is_admin, role_id, created_by_id, first_name, last_name) VALUES (92, 'gtarbattn@livejournal.com', '$2y$10$E7uP70dMpG56mwA/b62VeOwR7bheongU0Wa7lP7S7kozNCsOyqIeO', '2019-06-20 11:21:18', 0, 3, 68, 'Gibby', 'Tarbatt');
INSERT INTO edomp.user (id, username, password, created, is_admin, role_id, created_by_id, first_name, last_name) VALUES (93, 'lnoviko@istockphoto.com', '$2y$10$E7uP70dMpG56mwA/b62VeOwR7bheongU0Wa7lP7S7kozNCsOyqIeO', '2019-06-20 11:21:18', 0, 3, 68, 'Linette', 'Novik');
INSERT INTO edomp.user (id, username, password, created, is_admin, role_id, created_by_id, first_name, last_name) VALUES (94, 'scorderp@nytimes.com', '$2y$10$E7uP70dMpG56mwA/b62VeOwR7bheongU0Wa7lP7S7kozNCsOyqIeO', '2019-06-20 11:21:18', 0, 3, 68, 'Sandye', 'Corder');
INSERT INTO edomp.user (id, username, password, created, is_admin, role_id, created_by_id, first_name, last_name) VALUES (95, 'nminesq@uol.com.br', '$2y$10$E7uP70dMpG56mwA/b62VeOwR7bheongU0Wa7lP7S7kozNCsOyqIeO', '2019-06-20 11:21:18', 0, 3, 68, 'Nettie', 'Mines');
INSERT INTO edomp.user (id, username, password, created, is_admin, role_id, created_by_id, first_name, last_name) VALUES (96, 'scorbettr@wufoo.com', '$2y$10$E7uP70dMpG56mwA/b62VeOwR7bheongU0Wa7lP7S7kozNCsOyqIeO', '2019-06-20 11:21:18', 0, 3, 68, 'Sherill', 'Corbett');
INSERT INTO edomp.user (id, username, password, created, is_admin, role_id, created_by_id, first_name, last_name) VALUES (97, 'bgrunguers@google.fr', '$2y$10$E7uP70dMpG56mwA/b62VeOwR7bheongU0Wa7lP7S7kozNCsOyqIeO', '2019-06-20 11:21:18', 0, 3, 68, 'Benjie', 'Grunguer');
INSERT INTO edomp.user_group_rel (user_id, group_id) VALUES (69, 32);
INSERT INTO edomp.user_group_rel (user_id, group_id) VALUES (70, 32);
INSERT INTO edomp.user_group_rel (user_id, group_id) VALUES (71, 32);
INSERT INTO edomp.user_group_rel (user_id, group_id) VALUES (72, 28);
INSERT INTO edomp.user_group_rel (user_id, group_id) VALUES (73, 28);
INSERT INTO edomp.user_group_rel (user_id, group_id) VALUES (74, 28);
INSERT INTO edomp.user_group_rel (user_id, group_id) VALUES (75, 28);
INSERT INTO edomp.user_group_rel (user_id, group_id) VALUES (76, 28);
INSERT INTO edomp.user_group_rel (user_id, group_id) VALUES (77, 28);
INSERT INTO edomp.user_group_rel (user_id, group_id) VALUES (78, 28);
INSERT INTO edomp.user_group_rel (user_id, group_id) VALUES (79, 28);
INSERT INTO edomp.user_group_rel (user_id, group_id) VALUES (80, 28);
INSERT INTO edomp.user_group_rel (user_id, group_id) VALUES (81, 29);
INSERT INTO edomp.user_group_rel (user_id, group_id) VALUES (82, 29);
INSERT INTO edomp.user_group_rel (user_id, group_id) VALUES (83, 29);
INSERT INTO edomp.user_group_rel (user_id, group_id) VALUES (84, 29);
INSERT INTO edomp.user_group_rel (user_id, group_id) VALUES (85, 29);
INSERT INTO edomp.user_group_rel (user_id, group_id) VALUES (86, 29);
INSERT INTO edomp.user_group_rel (user_id, group_id) VALUES (87, 29);
INSERT INTO edomp.user_group_rel (user_id, group_id) VALUES (88, 29);
INSERT INTO edomp.user_group_rel (user_id, group_id) VALUES (89, 29);
INSERT INTO edomp.user_group_rel (user_id, group_id) VALUES (90, 30);
INSERT INTO edomp.user_group_rel (user_id, group_id) VALUES (91, 30);
INSERT INTO edomp.user_group_rel (user_id, group_id) VALUES (92, 30);
INSERT INTO edomp.user_group_rel (user_id, group_id) VALUES (93, 30);
INSERT INTO edomp.user_group_rel (user_id, group_id) VALUES (94, 30);
INSERT INTO edomp.user_group_rel (user_id, group_id) VALUES (95, 30);
INSERT INTO edomp.user_group_rel (user_id, group_id) VALUES (96, 30);
INSERT INTO edomp.user_group_rel (user_id, group_id) VALUES (97, 30);

SET FOREIGN_KEY_CHECKS = 1;
